[
  {
    "id": 1,
    "first_name": "Phillie",
    "last_name": "Anear",
    "email": "panear0@jalbum.net",
    "active": 0,
    "account_manager_id": 1,
    "reason_for_joining": "Lorem ipsum dolor sit amet, consectetuer adipiscing elit.",
    "created_date": "2018-10-02 04:36:15"
  },
  {
    "id": 2,
    "first_name": "Elsy",
    "last_name": "Ben-Aharon",
    "email": "ebenaharon1@symantec.com",
    "active": 1,
    "account_manager_id": 3,
    "reason_for_joining": "Nulla tellus.",
    "created_date": "2019-06-03 13:36:20"
  },
  {
    "id": 3,
    "first_name": "Esma",
    "last_name": "Salters",
    "email": "esalters2@themeforest.net",
    "active": 1,
    "account_manager_id": 2,
    "reason_for_joining": null,
    "created_date": "2019-02-24 01:43:16"
  },
  {
    "id": 4,
    "first_name": "Averil",
    "last_name": "Seniour",
    "email": "aseniour3@tumblr.com",
    "active": 1,
    "account_manager_id": 4,
    "reason_for_joining": null,
    "created_date": "2019-01-28 03:19:22"
  },
  {
    "id": 5,
    "first_name": "Junia",
    "last_name": "Rossin",
    "email": "jrossin4@w3.org",
    "active": 0,
    "account_manager_id": 1,
    "reason_for_joining": "Proin risus. Praesent lectus.",
    "created_date": "2019-05-14 14:22:23"
  },
  {
    "id": 6,
    "first_name": "Glennie",
    "last_name": "Weekland",
    "email": "gweekland5@github.io",
    "active": 1,
    "account_manager_id": 1,
    "reason_for_joining": null,
    "created_date": "2018-11-16 03:00:47"
  },
  {
    "id": 7,
    "first_name": "Friederike",
    "last_name": "Steventon",
    "email": "fsteventon6@ebay.co.uk",
    "active": 1,
    "account_manager_id": 1,
    "reason_for_joining": "Cras in purus eu magna vulputate luctus. Cum sociis natoque penatibus et magnis dis parturient montes, nascetur ridiculus mus. Vivamus vestibulum sagittis sapien.",
    "created_date": "2018-07-08 06:37:14"
  },
  {
    "id": 8,
    "first_name": "Claudianus",
    "last_name": "Gluyus",
    "email": "cgluyus7@netlog.com",
    "active": 0,
    "account_manager_id": 2,
    "reason_for_joining": "Fusce posuere felis sed lacus. Morbi sem mauris, laoreet ut, rhoncus aliquet, pulvinar sed, nisl.",
    "created_date": "2019-01-14 00:34:38"
  },
  {
    "id": 9,
    "first_name": "Kristoffer",
    "last_name": "De Micoli",
    "email": "kdemicoli8@bbb.org",
    "active": 0,
    "account_manager_id": 1,
    "reason_for_joining": "Vestibulum ante ipsum primis in faucibus orci luctus et ultrices posuere cubilia Curae; Donec pharetra, magna vestibulum aliquet ultrices, erat tortor sollicitudin mi, sit amet lobortis sapien sapien non mi. Integer ac neque. Duis bibendum.",
    "created_date": "2019-06-10 06:43:16"
  },
  {
    "id": 10,
    "first_name": "Patsy",
    "last_name": "Reynault",
    "email": "preynault9@netscape.com",
    "active": 1,
    "account_manager_id": 1,
    "reason_for_joining": "Nam ultrices, libero non mattis pulvinar, nulla pede ullamcorper augue, a suscipit nulla elit ac nulla. Sed vel enim sit amet nunc viverra dapibus.",
    "created_date": "2018-10-02 18:09:11"
  },
  {
    "id": 11,
    "first_name": "Barbabas",
    "last_name": "Rounsivall",
    "email": "brounsivalla@yellowpages.com",
    "active": 1,
    "account_manager_id": 2,
    "reason_for_joining": "Integer tincidunt ante vel ipsum.",
    "created_date": "2018-10-10 10:52:13"
  },
  {
    "id": 12,
    "first_name": "Genevra",
    "last_name": "Orriss",
    "email": "gorrissb@unc.edu",
    "active": 0,
    "account_manager_id": 1,
    "reason_for_joining": "Cum sociis natoque penatibus et magnis dis parturient montes, nascetur ridiculus mus. Etiam vel augue.",
    "created_date": "2019-04-29 11:53:31"
  },
  {
    "id": 13,
    "first_name": "Elisha",
    "last_name": "Pikhno",
    "email": "epikhnoc@live.com",
    "active": 1,
    "account_manager_id": 3,
    "reason_for_joining": "Integer pede justo, lacinia eget, tincidunt eget, tempus vel, pede. Morbi porttitor lorem id ligula. Suspendisse ornare consequat lectus.",
    "created_date": "2019-02-26 10:17:57"
  },
  {
    "id": 14,
    "first_name": "Gary",
    "last_name": "Ramplee",
    "email": "grampleed@tripadvisor.com",
    "active": 1,
    "account_manager_id": 1,
    "reason_for_joining": "Morbi sem mauris, laoreet ut, rhoncus aliquet, pulvinar sed, nisl.",
    "created_date": "2019-05-11 22:15:39"
  },
  {
    "id": 15,
    "first_name": "Teddi",
    "last_name": "Derrington",
    "email": "tderringtone@washington.edu",
    "active": 1,
    "account_manager_id": 1,
    "reason_for_joining": "Etiam pretium iaculis justo. In hac habitasse platea dictumst.",
    "created_date": "2018-09-21 16:27:18"
  },
  {
    "id": 16,
    "first_name": "Alvera",
    "last_name": "Danilyuk",
    "email": "adanilyukf@ca.gov",
    "active": 1,
    "account_manager_id": 1,
    "reason_for_joining": "Etiam faucibus cursus urna.",
    "created_date": "2018-09-29 11:54:12"
  },
  {
    "id": 17,
    "first_name": "Jany",
    "last_name": "Bavin",
    "email": "jbaving@scientificamerican.com",
    "active": 1,
    "account_manager_id": 2,
    "reason_for_joining": "Nam dui. Proin leo odio, porttitor id, consequat in, consequat ut, nulla.",
    "created_date": "2019-02-23 09:25:11"
  },
  {
    "id": 18,
    "first_name": "Dyane",
    "last_name": "Yallop",
    "email": "dyalloph@stanford.edu",
    "active": 1,
    "account_manager_id": 2,
    "reason_for_joining": "Integer ac leo. Pellentesque ultrices mattis odio. Donec vitae nisi.",
    "created_date": "2019-06-06 21:48:16"
  },
  {
    "id": 19,
    "first_name": "Ernie",
    "last_name": "Kochlin",
    "email": "ekochlini@omniture.com",
    "active": 1,
    "account_manager_id": 1,
    "reason_for_joining": "Cras non velit nec nisi vulputate nonummy. Maecenas tincidunt lacus at velit.",
    "created_date": "2019-03-03 11:40:10"
  },
  {
    "id": 20,
    "first_name": "Wye",
    "last_name": "Scorton",
    "email": "wscortonj@ft.com",
    "active": 1,
    "account_manager_id": 1,
    "reason_for_joining": "Duis bibendum. Morbi non quam nec dui luctus rutrum.",
    "created_date": "2018-08-11 17:08:03"
  },
  {
    "id": 21,
    "first_name": "Diane",
    "last_name": "Kingstne",
    "email": "dkingstnek@psu.edu",
    "active": 0,
    "account_manager_id": 4,
    "reason_for_joining": "Nam dui. Proin leo odio, porttitor id, consequat in, consequat ut, nulla. Sed accumsan felis.",
    "created_date": "2018-12-14 22:56:50"
  },
  {
    "id": 22,
    "first_name": "Noah",
    "last_name": "Loach",
    "email": "nloachl@dropbox.com",
    "active": 1,
    "account_manager_id": 2,
    "reason_for_joining": null,
    "created_date": "2018-09-20 00:53:32"
  },
  {
    "id": 23,
    "first_name": "Paige",
    "last_name": "Chasmer",
    "email": "pchasmerm@upenn.edu",
    "active": 0,
    "account_manager_id": 1,
    "reason_for_joining": "Maecenas rhoncus aliquam lacus.",
    "created_date": "2019-02-04 09:05:36"
  },
  {
    "id": 24,
    "first_name": "Maryanna",
    "last_name": "Bretherton",
    "email": "mbrethertonn@flickr.com",
    "active": 1,
    "account_manager_id": 2,
    "reason_for_joining": "Maecenas leo odio, condimentum id, luctus nec, molestie sed, justo.",
    "created_date": "2019-03-12 20:16:11"
  },
  {
    "id": 25,
    "first_name": "Lee",
    "last_name": "Espley",
    "email": "lespleyo@google.com.hk",
    "active": 1,
    "account_manager_id": 3,
    "reason_for_joining": "In hac habitasse platea dictumst. Etiam faucibus cursus urna.",
    "created_date": "2019-06-29 02:22:18"
  },
  {
    "id": 26,
    "first_name": "Armand",
    "last_name": "La Torre",
    "email": "alatorrep@ustream.tv",
    "active": 0,
    "account_manager_id": 2,
    "reason_for_joining": "Maecenas tristique, est et tempus semper, est quam pharetra magna, ac consequat metus sapien ut nunc. Vestibulum ante ipsum primis in faucibus orci luctus et ultrices posuere cubilia Curae; Mauris viverra diam vitae quam. Suspendisse potenti.",
    "created_date": "2018-10-07 08:19:50"
  },
  {
    "id": 27,
    "first_name": "Whittaker",
    "last_name": "Sebrens",
    "email": "wsebrensq@walmart.com",
    "active": 1,
    "account_manager_id": 1,
    "reason_for_joining": "Nam ultrices, libero non mattis pulvinar, nulla pede ullamcorper augue, a suscipit nulla elit ac nulla.",
    "created_date": "2018-09-27 23:30:50"
  },
  {
    "id": 28,
    "first_name": "Cristina",
    "last_name": "Championnet",
    "email": "cchampionnetr@yahoo.co.jp",
    "active": 1,
    "account_manager_id": 1,
    "reason_for_joining": "Aliquam sit amet diam in magna bibendum imperdiet. Nullam orci pede, venenatis non, sodales sed, tincidunt eu, felis. Fusce posuere felis sed lacus.",
    "created_date": "2019-06-23 08:04:33"
  },
  {
    "id": 29,
    "first_name": "Nicholle",
    "last_name": "Morkham",
    "email": "nmorkhams@jimdo.com",
    "active": 1,
    "account_manager_id": 2,
    "reason_for_joining": "Phasellus id sapien in sapien iaculis congue. Vivamus metus arcu, adipiscing molestie, hendrerit at, vulputate vitae, nisl. Aenean lectus.",
    "created_date": "2018-09-09 10:37:10"
  },
  {
    "id": 30,
    "first_name": "Biron",
    "last_name": "Smitten",
    "email": "bsmittent@vk.com",
    "active": 1,
    "account_manager_id": 2,
    "reason_for_joining": "Vestibulum rutrum rutrum neque.",
    "created_date": "2018-09-23 02:34:33"
  },
  {
    "id": 31,
    "first_name": "Carly",
    "last_name": "Nussen",
    "email": "cnussenu@state.gov",
    "active": 0,
    "account_manager_id": 5,
    "reason_for_joining": "Cras in purus eu magna vulputate luctus. Cum sociis natoque penatibus et magnis dis parturient montes, nascetur ridiculus mus. Vivamus vestibulum sagittis sapien.",
    "created_date": "2018-12-21 02:30:37"
  },
  {
    "id": 32,
    "first_name": "Carley",
    "last_name": "Curnokk",
    "email": "ccurnokkv@stumbleupon.com",
    "active": 0,
    "account_manager_id": 4,
    "reason_for_joining": "In congue. Etiam justo.",
    "created_date": "2019-06-19 03:00:58"
  },
  {
    "id": 33,
    "first_name": "Juieta",
    "last_name": "Crichten",
    "email": "jcrichtenw@boston.com",
    "active": 0,
    "account_manager_id": 2,
    "reason_for_joining": "Mauris ullamcorper purus sit amet nulla. Quisque arcu libero, rutrum ac, lobortis vel, dapibus at, diam. Nam tristique tortor eu pede.",
    "created_date": "2019-02-10 12:34:25"
  },
  {
    "id": 34,
    "first_name": "Travus",
    "last_name": "Bumpus",
    "email": "tbumpusx@earthlink.net",
    "active": 1,
    "account_manager_id": 1,
    "reason_for_joining": "Morbi a ipsum. Integer a nibh.",
    "created_date": "2018-11-18 02:37:30"
  },
  {
    "id": 35,
    "first_name": "Liesa",
    "last_name": "Inker",
    "email": "linkery@jiathis.com",
    "active": 1,
    "account_manager_id": 2,
    "reason_for_joining": "Duis ac nibh.",
    "created_date": "2019-06-05 11:34:05"
  },
  {
    "id": 36,
    "first_name": "Carlee",
    "last_name": "Somers",
    "email": "csomersz@barnesandnoble.com",
    "active": 0,
    "account_manager_id": 1,
    "reason_for_joining": "Vivamus metus arcu, adipiscing molestie, hendrerit at, vulputate vitae, nisl. Aenean lectus. Pellentesque eget nunc.",
    "created_date": "2019-02-09 23:58:08"
  },
  {
    "id": 37,
    "first_name": "Linnea",
    "last_name": "Dominguez",
    "email": "ldominguez10@creativecommons.org",
    "active": 1,
    "account_manager_id": 1,
    "reason_for_joining": "Aenean lectus. Pellentesque eget nunc. Donec quis orci eget orci vehicula condimentum.",
    "created_date": "2019-06-05 02:29:50"
  },
  {
    "id": 38,
    "first_name": "Dulcia",
    "last_name": "Reddyhoff",
    "email": "dreddyhoff11@geocities.jp",
    "active": 1,
    "account_manager_id": 1,
    "reason_for_joining": "Integer ac leo. Pellentesque ultrices mattis odio.",
    "created_date": "2018-09-26 03:20:54"
  },
  {
    "id": 39,
    "first_name": "Barny",
    "last_name": "Velten",
    "email": "bvelten12@harvard.edu",
    "active": 0,
    "account_manager_id": 3,
    "reason_for_joining": "Nulla justo.",
    "created_date": "2018-08-14 14:12:06"
  },
  {
    "id": 40,
    "first_name": "Jacki",
    "last_name": "Boij",
    "email": "jboij13@answers.com",
    "active": 1,
    "account_manager_id": 3,
    "reason_for_joining": "Nam dui. Proin leo odio, porttitor id, consequat in, consequat ut, nulla. Sed accumsan felis.",
    "created_date": "2018-08-01 11:33:45"
  },
  {
    "id": 41,
    "first_name": "Danie",
    "last_name": "Debell",
    "email": "ddebell14@guardian.co.uk",
    "active": 1,
    "account_manager_id": 2,
    "reason_for_joining": "Nunc rhoncus dui vel sem. Sed sagittis.",
    "created_date": "2018-11-11 13:40:26"
  },
  {
    "id": 42,
    "first_name": "Abbey",
    "last_name": "Sircombe",
    "email": "asircombe15@apple.com",
    "active": 1,
    "account_manager_id": 2,
    "reason_for_joining": "Mauris enim leo, rhoncus sed, vestibulum sit amet, cursus id, turpis. Integer aliquet, massa id lobortis convallis, tortor risus dapibus augue, vel accumsan tellus nisi eu orci.",
    "created_date": "2019-06-05 14:38:34"
  },
  {
    "id": 43,
    "first_name": "Leia",
    "last_name": "Doncom",
    "email": "ldoncom16@blogger.com",
    "active": 1,
    "account_manager_id": 1,
    "reason_for_joining": "Nam congue, risus semper porta volutpat, quam pede lobortis ligula, sit amet eleifend pede libero quis orci.",
    "created_date": "2018-10-31 05:38:46"
  },
  {
    "id": 44,
    "first_name": "Onofredo",
    "last_name": "Daunay",
    "email": "odaunay17@cbc.ca",
    "active": 0,
    "account_manager_id": 1,
    "reason_for_joining": "Sed vel enim sit amet nunc viverra dapibus.",
    "created_date": "2018-11-20 23:55:06"
  },
  {
    "id": 45,
    "first_name": "Lorrin",
    "last_name": "Sheran",
    "email": "lsheran18@mashable.com",
    "active": 1,
    "account_manager_id": 3,
    "reason_for_joining": "In hac habitasse platea dictumst. Morbi vestibulum, velit id pretium iaculis, diam erat fermentum justo, nec condimentum neque sapien placerat ante. Nulla justo.",
    "created_date": "2018-10-10 19:40:29"
  },
  {
    "id": 46,
    "first_name": "Worthy",
    "last_name": "Behnecke",
    "email": "wbehnecke19@microsoft.com",
    "active": 1,
    "account_manager_id": 1,
    "reason_for_joining": "Vestibulum ante ipsum primis in faucibus orci luctus et ultrices posuere cubilia Curae; Mauris viverra diam vitae quam. Suspendisse potenti. Nullam porttitor lacus at turpis.",
    "created_date": "2018-11-01 07:33:11"
  },
  {
    "id": 47,
    "first_name": "Gipsy",
    "last_name": "Morby",
    "email": "gmorby1a@oracle.com",
    "active": 1,
    "account_manager_id": 1,
    "reason_for_joining": "Pellentesque viverra pede ac diam.",
    "created_date": "2019-03-09 07:25:57"
  },
  {
    "id": 48,
    "first_name": "Vi",
    "last_name": "Grewar",
    "email": "vgrewar1b@blog.com",
    "active": 1,
    "account_manager_id": 1,
    "reason_for_joining": "Praesent lectus.",
    "created_date": "2018-10-23 11:18:42"
  },
  {
    "id": 49,
    "first_name": "Gabby",
    "last_name": "Adshead",
    "email": "gadshead1c@plala.or.jp",
    "active": 0,
    "account_manager_id": 3,
    "reason_for_joining": "Lorem ipsum dolor sit amet, consectetuer adipiscing elit.",
    "created_date": "2018-11-13 19:57:19"
  },
  {
    "id": 50,
    "first_name": "Gratiana",
    "last_name": "Scroggie",
    "email": "gscroggie1d@wordpress.org",
    "active": 0,
    "account_manager_id": 4,
    "reason_for_joining": "Duis aliquam convallis nunc.",
    "created_date": "2019-05-26 03:09:50"
  }
]
